Price,Close,High,Low,Open,Volume
Ticker,MRF,MRF,MRF,MRF,MRF
Date,,,,,
2003-09-08,0.8799999952316284,0.8700000047683716,0.8700000047683716,0.8700000047683716,492360
2009-01-30,0.7099999785423279,0.7400000095367432,0.7400000095367432,0.7400000095367432,2453371
2009-02-12,0.75,0.75,0.7200000286102295,0.7300000190734863,2402417
2009-02-13,0.7599999904632568,0.7599999904632568,0.7300000190734863,0.7300000190734863,2135260
2009-02-27,0.5699999928474426,0.5899999737739563,0.5899999737739563,0.5899999737739563,5807238
2009-03-25,0.6800000071525574,0.699999988079071,0.6700000166893005,0.6899999976158142,1260926
2009-03-31,0.699999988079071,0.699999988079071,0.6499999761581421,0.6499999761581421,8677667
2009-05-07,0.8199999928474426,0.8199999928474426,0.8199999928474426,0.8199999928474426,5229116
2009-05-22,0.9200000166893005,0.9200000166893005,0.8399999737739563,0.8399999737739563,2589095
2009-06-18,0.949999988079071,1.0,0.9399999976158142,0.949999988079071,4214792
2009-06-19,1.0299999713897705,1.0299999713897705,0.9700000286102295,1.0,4065382
2009-06-22,0.9900000095367432,1.059999942779541,0.9900000095367432,1.0499999523162842,3315992
2009-06-24,0.9800000190734863,1.0,0.9599999785423279,1.0,1093418
2009-07-22,1.0800000429153442,1.090000033378601,1.059999942779541,1.0800000429153442,3219515
2009-07-23,1.1399999856948853,1.1399999856948853,1.0800000429153442,1.0800000429153442,8282070
2009-07-24,1.1699999570846558,1.190000057220459,1.1200000047683716,1.1399999856948853,12623613
2009-07-27,1.1799999475479126,1.2300000190734863,1.1699999570846558,1.1799999475479126,13166277
2009-07-28,1.1799999475479126,1.2100000381469727,1.159999966621399,1.190000057220459,15167492
2009-07-30,1.1699999570846558,1.190000057220459,1.1299999952316284,1.149999976158142,8643440
2009-07-31,1.149999976158142,1.1799999475479126,1.149999976158142,1.1699999570846558,6242807
2009-08-03,1.2200000286102295,1.2300000190734863,1.149999976158142,1.159999966621399,8123164
2009-08-04,1.2699999809265137,1.2899999618530273,1.2000000476837158,1.2100000381469727,10366741
2009-08-06,1.5299999713897705,1.649999976158142,1.440000057220459,1.440000057220459,36431976
2009-08-07,1.5700000524520874,1.590000033378601,1.4700000286102295,1.5299999713897705,13917774
2009-08-20,1.5700000524520874,1.5800000429153442,1.5199999809265137,1.5800000429153442,5660231
2009-08-24,1.6100000143051147,1.659999966621399,1.6100000143051147,1.6299999952316284,8782062
2009-08-25,1.600000023841858,1.6299999952316284,1.5800000429153442,1.600000023841858,3281892
2009-08-26,1.600000023841858,1.6399999856948853,1.5499999523162842,1.6100000143051147,7794816
2009-08-27,1.4900000095367432,1.600000023841858,1.4900000095367432,1.600000023841858,16753999
2009-08-31,1.600000023841858,1.6200000047683716,1.5299999713897705,1.5499999523162842,7555597
2009-09-01,1.6299999952316284,1.6799999475479126,1.600000023841858,1.649999976158142,11229258
2009-09-11,1.6399999856948853,1.659999966621399,1.590000033378601,1.6100000143051147,4874657
2009-09-16,1.6699999570846558,1.7000000476837158,1.6299999952316284,1.6399999856948853,5022488
2009-09-21,1.5299999713897705,1.6399999856948853,1.5299999713897705,1.6399999856948853,5803661
2009-09-23,1.5700000524520874,1.600000023841858,1.559999942779541,1.590000033378601,4623678
2009-09-25,1.5299999713897705,1.5700000524520874,1.5299999713897705,1.5700000524520874,5598949
2009-09-29,1.6399999856948853,1.6399999856948853,1.559999942779541,1.5800000429153442,4243984
2009-09-30,1.6200000047683716,1.6399999856948853,1.5800000429153442,1.6399999856948853,14137674
2009-10-01,1.5399999618530273,1.6200000047683716,1.5299999713897705,1.600000023841858,5721170
2009-10-02,1.4900000095367432,1.5399999618530273,1.4700000286102295,1.5299999713897705,9706196
2009-10-05,1.5,1.5299999713897705,1.4800000190734863,1.5,59280968
2009-10-06,1.6200000047683716,1.6200000047683716,1.5099999904632568,1.5199999809265137,5920516
2009-10-08,1.5399999618530273,1.590000033378601,1.5099999904632568,1.5800000429153442,12075850
2009-10-12,1.5399999618530273,1.5499999523162842,1.5199999809265137,1.5399999618530273,3661680
2009-10-13,1.5,1.5399999618530273,1.5,1.5399999618530273,2601008
2009-10-14,1.5399999618530273,1.5399999618530273,1.5,1.5199999809265137,2587208
2009-10-15,1.4900000095367432,1.5499999523162842,1.4900000095367432,1.5399999618530273,8551302
2009-10-16,1.5,1.5199999809265137,1.4900000095367432,1.5099999904632568,4153310
2009-10-20,1.5,1.5299999713897705,1.5,1.5199999809265137,4411848
2009-10-22,1.5299999713897705,1.5299999713897705,1.4900000095367432,1.5099999904632568,3209192
2009-10-23,1.5099999904632568,1.5199999809265137,1.5,1.5199999809265137,1551905
2009-10-27,1.4700000286102295,1.4800000190734863,1.4299999475479126,1.4800000190734863,6162198
2009-10-28,1.4500000476837158,1.4800000190734863,1.4500000476837158,1.4600000381469727,3243430
2009-10-29,1.4500000476837158,1.4500000476837158,1.3700000047683716,1.4500000476837158,6632423
2009-11-10,1.2799999713897705,1.350000023841858,1.2699999809265137,1.340000033378601,4830892
2009-11-11,1.2799999713897705,1.2899999618530273,1.2400000095367432,1.2799999713897705,8603066
2009-11-12,1.2699999809265137,1.2699999809265137,1.2200000286102295,1.2699999809265137,4449651
2009-11-16,1.2400000095367432,1.2799999713897705,1.2200000286102295,1.2400000095367432,7233576
2009-11-17,1.2400000095367432,1.2599999904632568,1.2400000095367432,1.25,3035698
2009-11-19,1.2699999809265137,1.2799999713897705,1.25,1.2799999713897705,5311267
2009-11-23,1.2999999523162842,1.3200000524520874,1.2400000095367432,1.2400000095367432,10984612
2009-12-03,1.2999999523162842,1.3200000524520874,1.2899999618530273,1.2999999523162842,1619367
2009-12-07,1.2699999809265137,1.2899999618530273,1.25,1.2899999618530273,1673875
2009-12-08,1.2300000190734863,1.2999999523162842,1.2300000190734863,1.2899999618530273,4606929
2009-12-09,1.190000057220459,1.2300000190734863,1.100000023841858,1.2300000190734863,8315065
2009-12-11,1.2400000095367432,1.2400000095367432,1.1699999570846558,1.1699999570846558,3781493
2009-12-14,1.2799999713897705,1.2799999713897705,1.2100000381469727,1.25,1924041
2009-12-17,1.2799999713897705,1.2899999618530273,1.25,1.25,5726126
2009-12-18,1.2799999713897705,1.2799999713897705,1.2300000190734863,1.2799999713897705,728477
2009-12-30,1.3700000047683716,1.4800000190734863,1.3700000047683716,1.4700000286102295,3751490
2010-01-06,1.3600000143051147,1.3899999856948853,1.350000023841858,1.3700000047683716,1471325
2010-01-14,1.4199999570846558,1.440000057220459,1.4199999570846558,1.4199999570846558,2951885
2010-01-15,1.4199999570846558,1.4199999570846558,1.3600000143051147,1.4199999570846558,1401713
2010-01-19,1.3799999952316284,1.4199999570846558,1.350000023841858,1.409999966621399,1028361
2010-01-20,1.350000023841858,1.3899999856948853,1.350000023841858,1.3600000143051147,2129328
2010-01-21,1.3700000047683716,1.3899999856948853,1.3300000429153442,1.3600000143051147,2837221
2010-01-28,1.3300000429153442,1.340000033378601,1.2999999523162842,1.2999999523162842,1416945
2010-01-29,1.2999999523162842,1.3300000429153442,1.2899999618530273,1.3300000429153442,3195227
2010-02-18,1.4199999570846558,1.4500000476837158,1.399999976158142,1.4199999570846558,7931537
2010-02-24,1.4199999570846558,1.4500000476837158,1.399999976158142,1.4299999475479126,1966848
2010-02-25,1.399999976158142,1.4199999570846558,1.3899999856948853,1.409999966621399,1580107
2010-02-26,1.4500000476837158,1.4500000476837158,1.3700000047683716,1.399999976158142,932374
2010-03-04,1.5099999904632568,1.5299999713897705,1.4500000476837158,1.5,4297259
2010-03-08,1.6100000143051147,1.6799999475479126,1.6100000143051147,1.6200000047683716,4675672
2010-03-10,1.5499999523162842,1.5800000429153442,1.5,1.5399999618530273,5306582
2010-03-11,1.5399999618530273,1.590000033378601,1.5299999713897705,1.5499999523162842,1162021
2010-03-18,1.5,1.5299999713897705,1.5,1.5199999809265137,2359833
2010-03-19,1.5,1.5199999809265137,1.5,1.5,1827051
2010-03-24,1.600000023841858,1.600000023841858,1.5199999809265137,1.590000033378601,5635601
2010-03-26,1.6299999952316284,1.6699999570846558,1.6299999952316284,1.649999976158142,3729115
2010-03-30,1.6399999856948853,1.6699999570846558,1.6299999952316284,1.6399999856948853,8612481
2010-04-07,1.8600000143051147,1.8899999856948853,1.8200000524520874,1.8799999952316284,5546749
2010-04-08,1.7899999618530273,1.8700000047683716,1.7799999713897705,1.8600000143051147,2252217
2010-04-15,1.899999976158142,1.899999976158142,1.850000023841858,1.8899999856948853,2933343
2010-04-16,1.899999976158142,1.940000057220459,1.8799999952316284,1.899999976158142,3504710
2010-04-20,1.850000023841858,1.899999976158142,1.840000033378601,1.8600000143051147,2734762
2010-04-21,1.809999942779541,1.8700000047683716,1.7999999523162842,1.850000023841858,4908540
2010-04-22,1.7799999713897705,1.850000023841858,1.75,1.8200000524520874,2587772
2010-04-23,1.7699999809265137,1.840000033378601,1.7699999809265137,1.7999999523162842,2543633
2010-04-28,1.7799999713897705,1.8300000429153442,1.7400000095367432,1.7699999809265137,13157588
2010-04-29,1.7799999713897705,1.840000033378601,1.7699999809265137,1.7799999713897705,1140179
2010-04-30,1.8300000429153442,1.840000033378601,1.7899999618530273,1.7999999523162842,3700830
2010-05-04,1.690000057220459,1.850000023841858,1.649999976158142,1.840000033378601,10913740
2010-05-05,1.690000057220459,1.7699999809265137,1.649999976158142,1.7200000286102295,7136352
2010-05-06,1.7100000381469727,1.7200000286102295,1.6299999952316284,1.6699999570846558,2139804
2010-05-12,1.7000000476837158,1.7000000476837158,1.6399999856948853,1.659999966621399,1954593
2010-05-20,1.600000023841858,1.6699999570846558,1.5399999618530273,1.659999966621399,3637354
2010-05-21,1.590000033378601,1.6200000047683716,1.5399999618530273,1.590000033378601,5875583
2010-05-24,1.6299999952316284,1.6399999856948853,1.590000033378601,1.590000033378601,1501716
2010-05-26,1.600000023841858,1.6100000143051147,1.5399999618530273,1.559999942779541,3868484
2010-05-27,1.649999976158142,1.649999976158142,1.5800000429153442,1.6200000047683716,1467408
2010-05-28,1.6200000047683716,1.6799999475479126,1.600000023841858,1.649999976158142,1597595
2010-06-03,1.559999942779541,1.6399999856948853,1.559999942779541,1.6200000047683716,5818263
2010-06-04,1.4700000286102295,1.600000023841858,1.4500000476837158,1.559999942779541,6254883
2010-06-07,1.3600000143051147,1.4500000476837158,1.3600000143051147,1.4500000476837158,5853713
2010-06-08,1.340000033378601,1.4199999570846558,1.3200000524520874,1.3899999856948853,3227704
2010-06-10,1.409999966621399,1.440000057220459,1.340000033378601,1.3700000047683716,3410349
2010-06-15,1.4199999570846558,1.440000057220459,1.409999966621399,1.4299999475479126,642278
2010-06-17,1.399999976158142,1.4299999475479126,1.399999976158142,1.4299999475479126,1269848
2010-06-22,1.4299999475479126,1.440000057220459,1.399999976158142,1.4299999475479126,1491099
2010-06-25,1.3899999856948853,1.4299999475479126,1.3799999952316284,1.399999976158142,779090
2010-06-28,1.3600000143051147,1.4199999570846558,1.3600000143051147,1.4199999570846558,2848937
2010-06-29,1.2899999618530273,1.3600000143051147,1.2599999904632568,1.3600000143051147,1911825
2010-06-30,1.25,1.2999999523162842,1.2100000381469727,1.2799999713897705,2346630
2010-07-01,1.1699999570846558,1.2599999904632568,1.1699999570846558,1.2400000095367432,2761787
2010-07-02,1.2000000476837158,1.25,1.2000000476837158,1.2000000476837158,4926106
2010-07-07,1.309999942779541,1.3200000524520874,1.2599999904632568,1.2799999713897705,1173357
2010-07-08,1.309999942779541,1.350000023841858,1.2999999523162842,1.3300000429153442,2181578
2010-07-09,1.3200000524520874,1.340000033378601,1.2999999523162842,1.309999942779541,1868774
2010-07-13,1.2999999523162842,1.2999999523162842,1.2799999713897705,1.2999999523162842,3321210
2010-07-14,1.2999999523162842,1.3200000524520874,1.2999999523162842,1.309999942779541,968537
2010-07-15,1.350000023841858,1.3799999952316284,1.3200000524520874,1.3300000429153442,1901942
2010-07-16,1.340000033378601,1.3899999856948853,1.2999999523162842,1.3700000047683716,867164
2010-07-19,1.2999999523162842,1.350000023841858,1.2999999523162842,1.340000033378601,1124551
2010-07-20,1.2799999713897705,1.3300000429153442,1.2799999713897705,1.2999999523162842,1745077
2010-07-23,1.340000033378601,1.3799999952316284,1.340000033378601,1.350000023841858,741010
2010-07-30,1.3700000047683716,1.399999976158142,1.3700000047683716,1.3700000047683716,2519477
2010-08-03,1.4299999475479126,1.4800000190734863,1.4299999475479126,1.4600000381469727,6854684
2010-08-04,1.399999976158142,1.4600000381469727,1.399999976158142,1.4600000381469727,2396676
2010-08-05,1.4199999570846558,1.4299999475479126,1.399999976158142,1.409999966621399,785390
2010-08-06,1.409999966621399,1.4299999475479126,1.3899999856948853,1.4199999570846558,803303
2010-08-11,1.2999999523162842,1.3700000047683716,1.2999999523162842,1.350000023841858,2010069
2010-08-12,1.340000033378601,1.350000023841858,1.2699999809265137,1.2899999618530273,2187136
2010-08-17,1.3799999952316284,1.399999976158142,1.350000023841858,1.3700000047683716,877412
2010-08-18,1.350000023841858,1.3799999952316284,1.3300000429153442,1.3799999952316284,761139
2010-08-19,1.3200000524520874,1.3600000143051147,1.3200000524520874,1.3600000143051147,685369
2010-08-20,1.2999999523162842,1.340000033378601,1.2899999618530273,1.3200000524520874,1702054
2010-08-23,1.3200000524520874,1.3600000143051147,1.2799999713897705,1.2899999618530273,490669
2010-08-24,1.2999999523162842,1.350000023841858,1.2699999809265137,1.3200000524520874,2348959
2010-08-25,1.2599999904632568,1.2999999523162842,1.2300000190734863,1.2799999713897705,1893621
2010-08-26,1.2999999523162842,1.2999999523162842,1.2699999809265137,1.2899999618530273,823522
2010-09-02,1.2799999713897705,1.309999942779541,1.2699999809265137,1.2999999523162842,1033221
2010-09-08,1.2799999713897705,1.2799999713897705,1.25,1.2799999713897705,3204821
2010-09-09,1.2699999809265137,1.2799999713897705,1.2599999904632568,1.2799999713897705,3162584
2010-09-13,1.3700000047683716,1.3700000047683716,1.2899999618530273,1.2999999523162842,12282722
2010-09-14,1.3600000143051147,1.3799999952316284,1.3300000429153442,1.3700000047683716,4544399
2010-09-16,1.3600000143051147,1.3700000047683716,1.350000023841858,1.3700000047683716,594334
2010-09-21,1.4800000190734863,1.4900000095367432,1.440000057220459,1.4900000095367432,4571941
2010-09-23,1.440000057220459,1.4500000476837158,1.409999966621399,1.4500000476837158,1130938
2010-09-27,1.4600000381469727,1.4900000095367432,1.440000057220459,1.4500000476837158,1382649
2010-09-28,1.4600000381469727,1.4600000381469727,1.409999966621399,1.4600000381469727,831463
2010-09-29,1.4500000476837158,1.4800000190734863,1.4299999475479126,1.4600000381469727,722661
2010-09-30,1.4500000476837158,1.4600000381469727,1.409999966621399,1.4500000476837158,5158620
2010-10-01,1.440000057220459,1.440000057220459,1.409999966621399,1.4299999475479126,463423
2010-10-04,1.4500000476837158,1.4600000381469727,1.4299999475479126,1.4500000476837158,637040
2010-10-06,1.4500000476837158,1.4800000190734863,1.4299999475479126,1.440000057220459,3054825
2010-10-08,1.5099999904632568,1.5199999809265137,1.440000057220459,1.4500000476837158,4509785
2010-10-11,1.5099999904632568,1.5299999713897705,1.5099999904632568,1.5099999904632568,2506248
2010-10-12,1.5099999904632568,1.559999942779541,1.4900000095367432,1.5099999904632568,6333628
2010-10-13,1.4900000095367432,1.5499999523162842,1.4800000190734863,1.5499999523162842,7657959
2010-10-14,1.4500000476837158,1.5199999809265137,1.440000057220459,1.5,5475279
2010-10-18,1.409999966621399,1.4500000476837158,1.3700000047683716,1.409999966621399,6238555
2010-10-19,1.3600000143051147,1.4199999570846558,1.350000023841858,1.399999976158142,4893502
2010-10-20,1.350000023841858,1.399999976158142,1.3200000524520874,1.3799999952316284,6332155
2010-10-21,1.3899999856948853,1.409999966621399,1.350000023841858,1.3799999952316284,3346694
2010-10-22,1.3700000047683716,1.409999966621399,1.3700000047683716,1.3899999856948853,1940411
2010-10-27,1.3700000047683716,1.409999966621399,1.3600000143051147,1.399999976158142,15386918
2010-10-29,1.3799999952316284,1.3799999952316284,1.3600000143051147,1.3700000047683716,1139278
2010-11-02,1.3899999856948853,1.399999976158142,1.3700000047683716,1.399999976158142,1414755
2010-11-03,1.3899999856948853,1.399999976158142,1.3799999952316284,1.399999976158142,10001151
2010-11-04,1.3899999856948853,1.440000057220459,1.3799999952316284,1.4199999570846558,13118828
2010-11-05,1.409999966621399,1.409999966621399,1.3899999856948853,1.399999976158142,5058170
2010-11-09,1.4299999475479126,1.440000057220459,1.3799999952316284,1.3899999856948853,13152143
2010-11-10,1.5700000524520874,1.5700000524520874,1.4199999570846558,1.440000057220459,29109286
2010-11-11,1.5800000429153442,1.649999976158142,1.559999942779541,1.5700000524520874,10336734
2010-11-15,1.559999942779541,1.5800000429153442,1.5399999618530273,1.5499999523162842,7081597
2010-11-16,1.559999942779541,1.5700000524520874,1.5399999618530273,1.559999942779541,6189897
2010-11-17,1.5700000524520874,1.600000023841858,1.5,1.5399999618530273,11814366
2010-11-18,1.6299999952316284,1.649999976158142,1.600000023841858,1.6100000143051147,7500354
2010-11-19,1.659999966621399,1.6699999570846558,1.600000023841858,1.6399999856948853,9071596
2010-11-22,1.600000023841858,1.6799999475479126,1.600000023841858,1.6699999570846558,5778535
2010-11-23,1.5800000429153442,1.6100000143051147,1.5499999523162842,1.590000033378601,3651855
2010-11-24,1.5800000429153442,1.6100000143051147,1.559999942779541,1.5800000429153442,3602655
2010-11-26,1.600000023841858,1.6100000143051147,1.5800000429153442,1.600000023841858,3349559
2010-11-29,1.5499999523162842,1.6200000047683716,1.5399999618530273,1.600000023841858,1409656
2010-11-30,1.5,1.5499999523162842,1.5,1.5299999713897705,15731770
2010-12-02,1.5099999904632568,1.5800000429153442,1.5099999904632568,1.5499999523162842,2748053
2010-12-09,1.590000033378601,1.600000023841858,1.5700000524520874,1.5800000429153442,3368083
2010-12-10,1.590000033378601,1.6200000047683716,1.5800000429153442,1.590000033378601,5348974
2010-12-13,1.6100000143051147,1.6299999952316284,1.590000033378601,1.600000023841858,7317754
2010-12-14,1.5499999523162842,1.6200000047683716,1.5499999523162842,1.6100000143051147,2023186
2010-12-20,1.5499999523162842,1.5499999523162842,1.5299999713897705,1.5499999523162842,1065321
2010-12-21,1.5700000524520874,1.5700000524520874,1.5299999713897705,1.5499999523162842,2266345
2010-12-23,1.590000033378601,1.590000033378601,1.5700000524520874,1.5800000429153442,371188
2010-12-29,1.5800000429153442,1.590000033378601,1.5700000524520874,1.5800000429153442,368655
2010-12-30,1.600000023841858,1.600000023841858,1.5700000524520874,1.590000033378601,394616
2011-01-03,1.6799999475479126,1.690000057220459,1.649999976158142,1.659999966621399,2389002
2011-01-04,1.7100000381469727,1.7200000286102295,1.649999976158142,1.6799999475479126,2574872
2011-01-05,1.649999976158142,1.7200000286102295,1.590000033378601,1.7100000381469727,3224545
2011-01-10,1.6299999952316284,1.649999976158142,1.6100000143051147,1.6299999952316284,2569961
2011-01-11,1.6699999570846558,1.6799999475479126,1.6100000143051147,1.649999976158142,6717512
2011-01-12,1.690000057220459,1.7200000286102295,1.6799999475479126,1.690000057220459,3066013
2011-01-13,1.7200000286102295,1.7200000286102295,1.690000057220459,1.7100000381469727,2049750
2011-01-14,1.649999976158142,1.7300000190734863,1.6399999856948853,1.7200000286102295,3665447
2011-01-18,1.6200000047683716,1.6699999570846558,1.6100000143051147,1.6399999856948853,6101491
2011-01-19,1.590000033378601,1.649999976158142,1.5700000524520874,1.6200000047683716,6257938
2011-01-21,1.5700000524520874,1.590000033378601,1.5299999713897705,1.5399999618530273,7613784
2011-01-24,1.5399999618530273,1.5800000429153442,1.5099999904632568,1.5700000524520874,9098762
2011-01-25,1.5499999523162842,1.5499999523162842,1.5099999904632568,1.5399999618530273,5118183
2011-01-26,1.5499999523162842,1.5800000429153442,1.5399999618530273,1.5499999523162842,7095270
2011-01-27,1.5800000429153442,1.600000023841858,1.559999942779541,1.5700000524520874,4497094
2011-01-31,1.5399999618530273,1.5499999523162842,1.5,1.5099999904632568,10732571
2011-02-01,1.6399999856948853,1.6399999856948853,1.5399999618530273,1.5499999523162842,6002993
2011-02-02,1.6799999475479126,1.6799999475479126,1.6200000047683716,1.6299999952316284,5787720
2011-02-03,1.649999976158142,1.6699999570846558,1.6200000047683716,1.659999966621399,3652406
2011-02-04,1.6200000047683716,1.649999976158142,1.590000033378601,1.649999976158142,3283967
2011-08-31,0.949999988079071,0.9599999785423279,0.9399999976158142,0.9599999785423279,4141642
2011-09-09,0.8899999856948853,0.8999999761581421,0.8799999952316284,0.8999999761581421,1788701
2011-09-12,0.8899999856948853,0.8999999761581421,0.8700000047683716,0.8799999952316284,1067554
2011-09-13,0.8600000143051147,0.8899999856948853,0.8500000238418579,0.8799999952316284,2016303
2011-09-14,0.8799999952316284,0.8999999761581421,0.8299999833106995,0.8399999737739563,6319324
2011-09-15,0.9300000071525574,0.9300000071525574,0.8799999952316284,0.8999999761581421,2847223
2012-03-02,0.8799999952316284,0.8799999952316284,0.8600000143051147,0.8799999952316284,482258
2012-04-04,0.8700000047683716,0.8700000047683716,0.8500000238418579,0.8500000238418579,8218979
2013-06-10,0.7599999904632568,0.75,0.7300000190734863,0.7300000190734863,296628
2014-09-25,1.2599999904632568,1.3200000524520874,1.25,1.2999999523162842,1025076
2015-09-14,0.7400000095367432,0.7699999809265137,0.7300000190734863,0.7699999809265137,2627416
2015-09-15,0.7400000095367432,0.7900000214576721,0.7400000095367432,0.7900000214576721,221621
2015-09-16,0.7400000095367432,0.7699999809265137,0.7400000095367432,0.7699999809265137,1493740
2015-09-17,0.7400000095367432,0.7799999713897705,0.7300000190734863,0.7699999809265137,1373904
2015-09-18,0.7300000190734863,0.7699999809265137,0.7300000190734863,0.7699999809265137,129965
2015-09-21,0.7300000190734863,0.75,0.7300000190734863,0.75,47418
2015-09-22,0.7099999785423279,0.7400000095367432,0.699999988079071,0.7400000095367432,666661
2015-09-23,0.7400000095367432,0.7400000095367432,0.7099999785423279,0.7400000095367432,154971
2015-09-25,0.7300000190734863,0.7400000095367432,0.699999988079071,0.7400000095367432,198385
2015-09-28,0.6899999976158142,0.7300000190734863,0.6899999976158142,0.7099999785423279,501722
2015-09-29,0.6700000166893005,0.6899999976158142,0.6499999761581421,0.6800000071525574,1057190
2015-09-30,0.699999988079071,0.699999988079071,0.6700000166893005,0.6700000166893005,685940
2015-10-01,0.6899999976158142,0.7099999785423279,0.6700000166893005,0.6800000071525574,2785374
2015-10-02,0.6800000071525574,0.699999988079071,0.6800000071525574,0.699999988079071,157288
2015-10-05,0.6899999976158142,0.7200000286102295,0.6899999976158142,0.6899999976158142,279591
2015-10-06,0.7300000190734863,0.7300000190734863,0.6899999976158142,0.699999988079071,1890626
2015-10-07,0.7300000190734863,0.7400000095367432,0.7200000286102295,0.7400000095367432,1365191
2015-10-08,0.7099999785423279,0.7200000286102295,0.7099999785423279,0.7200000286102295,188353
2015-10-09,0.7200000286102295,0.7400000095367432,0.7099999785423279,0.7099999785423279,204002
2015-10-12,0.7200000286102295,0.7400000095367432,0.699999988079071,0.7300000190734863,4920767
2015-10-13,0.7400000095367432,0.75,0.699999988079071,0.7400000095367432,5512425
2015-10-14,0.7400000095367432,0.75,0.7200000286102295,0.75,530481
2015-10-15,0.7400000095367432,0.7400000095367432,0.7099999785423279,0.7400000095367432,806501
2015-10-16,0.7300000190734863,0.75,0.7099999785423279,0.75,70361
2015-10-19,0.7599999904632568,0.7699999809265137,0.7300000190734863,0.7300000190734863,507812
2015-10-20,0.7699999809265137,0.7699999809265137,0.7300000190734863,0.7599999904632568,515724
2015-10-21,0.7699999809265137,0.7699999809265137,0.7400000095367432,0.7699999809265137,567541
2015-10-22,0.7400000095367432,0.7699999809265137,0.7300000190734863,0.7699999809265137,2265880
2015-10-23,0.7099999785423279,0.7400000095367432,0.7099999785423279,0.7400000095367432,596534
2015-10-26,0.7400000095367432,0.7400000095367432,0.6899999976158142,0.699999988079071,896792
2015-10-27,0.7300000190734863,0.7400000095367432,0.6899999976158142,0.699999988079071,311070
2015-10-28,0.699999988079071,0.7200000286102295,0.699999988079071,0.699999988079071,381757
2015-10-29,0.7300000190734863,0.7300000190734863,0.6899999976158142,0.6899999976158142,393244
2015-10-30,0.7200000286102295,0.7200000286102295,0.6899999976158142,0.7099999785423279,344280
2015-11-02,0.6899999976158142,0.7099999785423279,0.6899999976158142,0.699999988079071,818004
2015-11-03,41.165000915527344,41.20500183105469,40.060001373291016,40.060001373291016,0
2015-11-04,0.7200000286102295,0.7400000095367432,0.699999988079071,0.699999988079071,728928
2015-11-05,0.7200000286102295,0.7400000095367432,0.7099999785423279,0.7200000286102295,495519
2015-11-06,0.7300000190734863,0.7300000190734863,0.6899999976158142,0.7200000286102295,525594
2015-11-09,42.29899978637695,45.04800033569336,42.29899978637695,44.882999420166016,0
2015-11-10,0.6899999976158142,0.7200000286102295,0.6899999976158142,0.7200000286102295,243787
2015-11-11,0.699999988079071,0.7099999785423279,0.699999988079071,0.699999988079071,1600239
2015-11-12,0.6700000166893005,0.7099999785423279,0.6700000166893005,0.699999988079071,1541139
2015-11-13,0.699999988079071,0.7099999785423279,0.6700000166893005,0.6700000166893005,715632
2015-11-16,0.6899999976158142,0.699999988079071,0.6800000071525574,0.699999988079071,376193
2015-11-17,41.86000061035156,42.95399856567383,41.194000244140625,41.52899932861328,0
2015-11-18,0.7099999785423279,0.7200000286102295,0.6800000071525574,0.699999988079071,592606
2015-11-19,0.7200000286102295,0.7200000286102295,0.699999988079071,0.699999988079071,846895
2015-11-20,0.7099999785423279,0.7300000190734863,0.699999988079071,0.7200000286102295,84096
2015-11-23,0.699999988079071,0.7300000190734863,0.699999988079071,0.7300000190734863,547360
2015-11-24,0.6899999976158142,0.7099999785423279,0.6899999976158142,0.699999988079071,1513627
2015-11-25,0.6800000071525574,0.7200000286102295,0.6800000071525574,0.7200000286102295,380230
2015-11-27,0.6899999976158142,0.699999988079071,0.6700000166893005,0.699999988079071,279413
2015-11-30,0.6800000071525574,0.699999988079071,0.6499999761581421,0.699999988079071,259429
2015-12-01,0.6700000166893005,0.699999988079071,0.6700000166893005,0.6800000071525574,1726082
2015-12-02,0.6499999761581421,0.6899999976158142,0.6499999761581421,0.6800000071525574,1385164
2015-12-03,0.6000000238418579,0.6499999761581421,0.550000011920929,0.6499999761581421,637364
2015-12-04,0.6000000238418579,0.6100000143051147,0.5799999833106995,0.6000000238418579,1859656
2015-12-07,0.6200000047683716,0.6499999761581421,0.5799999833106995,0.6000000238418579,322830
2015-12-08,0.550000011920929,0.6499999761581421,0.550000011920929,0.6299999952316284,2296185
2015-12-09,0.5199999809265137,0.5899999737739563,0.5199999809265137,0.5899999737739563,9328811
2015-12-10,0.5299999713897705,0.550000011920929,0.5199999809265137,0.5400000214576721,6459920
2015-12-11,0.5299999713897705,0.550000011920929,0.5199999809265137,0.5400000214576721,5337381
2015-12-14,0.5299999713897705,0.5799999833106995,0.5299999713897705,0.5400000214576721,250645
2015-12-15,0.5299999713897705,0.550000011920929,0.5199999809265137,0.5199999809265137,938923
2015-12-16,0.5299999713897705,0.5299999713897705,0.5299999713897705,0.5299999713897705,0
2015-12-17,0.5199999809265137,0.5400000214576721,0.5,0.5299999713897705,6021383
2015-12-18,0.5099999904632568,0.5299999713897705,0.5,0.5199999809265137,1501022
2015-12-21,0.49000000953674316,0.5099999904632568,0.49000000953674316,0.5099999904632568,2386959
2015-12-22,0.49000000953674316,0.5199999809265137,0.49000000953674316,0.5199999809265137,174166
2015-12-23,0.550000011920929,0.550000011920929,0.49000000953674316,0.49000000953674316,261438
2015-12-24,0.6100000143051147,0.6100000143051147,0.5799999833106995,0.5899999737739563,375841
2015-12-28,0.6299999952316284,0.6299999952316284,0.5899999737739563,0.5899999737739563,217647
2015-12-29,0.6200000047683716,0.6600000262260437,0.6100000143051147,0.6200000047683716,885838
2015-12-30,0.6600000262260437,0.6800000071525574,0.6299999952316284,0.6399999856948853,346486
2015-12-31,0.6800000071525574,0.6800000071525574,0.6600000262260437,0.6600000262260437,110846
2016-01-04,0.6499999761581421,0.6899999976158142,0.6499999761581421,0.6800000071525574,302570
2016-01-05,0.6800000071525574,0.6800000071525574,0.6600000262260437,0.6800000071525574,1078512
2016-01-06,0.6800000071525574,0.6899999976158142,0.6499999761581421,0.6499999761581421,233379
2016-01-07,0.6100000143051147,0.6100000143051147,0.5899999737739563,0.6100000143051147,612148
2016-01-08,0.6600000262260437,0.6600000262260437,0.6100000143051147,0.6100000143051147,757832
2016-01-11,0.6200000047683716,0.6499999761581421,0.6000000238418579,0.6100000143051147,949510
2016-01-12,0.5699999928474426,0.6000000238418579,0.5699999928474426,0.5899999737739563,1626534
2016-01-13,0.5600000023841858,0.5699999928474426,0.550000011920929,0.5699999928474426,661662
2016-01-14,0.5400000214576721,0.5600000023841858,0.5400000214576721,0.5600000023841858,497351
2016-01-15,0.5400000214576721,0.5400000214576721,0.5299999713897705,0.5400000214576721,397339
2016-01-19,0.5199999809265137,0.5400000214576721,0.5199999809265137,0.5400000214576721,8756583
2016-01-20,0.5299999713897705,0.5299999713897705,0.5,0.5099999904632568,895521
2016-01-21,0.5099999904632568,0.550000011920929,0.5,0.5400000214576721,8064256
2016-01-22,0.5199999809265137,0.5400000214576721,0.5199999809265137,0.5299999713897705,3611474
2016-01-25,0.5199999809265137,0.550000011920929,0.5199999809265137,0.550000011920929,52089
2016-01-26,0.5199999809265137,0.5299999713897705,0.5199999809265137,0.5199999809265137,212099
2016-01-27,0.550000011920929,0.550000011920929,0.5199999809265137,0.5199999809265137,317514
2016-01-28,0.6800000071525574,0.8399999737739563,0.5400000214576721,0.550000011920929,6054861
2016-01-29,0.75,0.75,0.6899999976158142,0.75,2371571
2016-02-01,0.699999988079071,0.7400000095367432,0.6899999976158142,0.7200000286102295,10750470
2016-02-02,0.699999988079071,0.75,0.6899999976158142,0.699999988079071,10365548
2016-02-03,0.699999988079071,0.75,0.6899999976158142,0.7099999785423279,3795314
2016-02-04,0.6899999976158142,0.75,0.6899999976158142,0.699999988079071,10686609
2016-02-05,0.6700000166893005,0.7200000286102295,0.6399999856948853,0.699999988079071,4626080
2016-02-08,0.699999988079071,0.7099999785423279,0.6499999761581421,0.6700000166893005,3812080
2016-02-09,0.6800000071525574,0.7099999785423279,0.6700000166893005,0.7099999785423279,2216584
2016-02-10,0.699999988079071,0.7200000286102295,0.6800000071525574,0.6800000071525574,698338
2016-02-11,0.6600000262260437,0.6899999976158142,0.6600000262260437,0.6899999976158142,608424
2016-02-12,0.6600000262260437,0.6899999976158142,0.6600000262260437,0.6800000071525574,847611
2016-02-16,0.6899999976158142,0.699999988079071,0.6800000071525574,0.6800000071525574,16022799
2016-02-17,0.7099999785423279,0.7099999785423279,0.6800000071525574,0.699999988079071,13002244
2016-02-18,0.75,0.7699999809265137,0.7099999785423279,0.7200000286102295,8070431
2016-02-19,0.7599999904632568,0.7699999809265137,0.7300000190734863,0.7699999809265137,1476480
2016-02-22,0.7300000190734863,0.75,0.7300000190734863,0.75,481494
2016-02-23,0.7400000095367432,0.7400000095367432,0.7200000286102295,0.7400000095367432,55002
2016-02-24,0.7300000190734863,0.7400000095367432,0.7200000286102295,0.7200000286102295,540572
2016-02-25,0.7200000286102295,0.75,0.7099999785423279,0.75,370292
2016-02-26,0.699999988079071,0.75,0.6800000071525574,0.7099999785423279,2456292
2016-02-29,0.6800000071525574,0.699999988079071,0.6700000166893005,0.699999988079071,1255706
2016-03-01,0.6899999976158142,0.7300000190734863,0.6700000166893005,0.6800000071525574,2046815
2016-03-02,0.699999988079071,0.7300000190734863,0.6800000071525574,0.7099999785423279,4296728
2016-03-03,0.7400000095367432,0.7599999904632568,0.699999988079071,0.699999988079071,2499764
2016-03-04,41.845001220703125,41.89699935913086,40.808998107910156,41.89699935913086,0
2016-03-07,0.8399999737739563,0.8500000238418579,0.7900000214576721,0.800000011920929,2693430
2016-03-08,0.8199999928474426,0.8399999737739563,0.800000011920929,0.8299999833106995,1342305
2016-03-09,0.8600000143051147,0.8600000143051147,0.7200000286102295,0.8299999833106995,9448490
2016-03-10,0.8999999761581421,0.949999988079071,0.8600000143051147,0.8600000143051147,4137000
2016-03-11,0.8799999952316284,0.9300000071525574,0.8500000238418579,0.9100000262260437,1607436
2016-03-14,0.8899999856948853,0.9399999976158142,0.8600000143051147,0.9399999976158142,741170
2016-03-15,0.9100000262260437,0.9300000071525574,0.8799999952316284,0.8899999856948853,620049
2016-03-16,0.8899999856948853,0.949999988079071,0.8799999952316284,0.9300000071525574,1475773
2016-03-17,0.8600000143051147,0.9200000166893005,0.8600000143051147,0.9200000166893005,1070988
2016-03-18,0.8299999833106995,0.8999999761581421,0.7900000214576721,0.8999999761581421,7322520
2016-03-21,0.8299999833106995,0.8299999833106995,0.8299999833106995,0.8299999833106995,0
2016-03-22,0.8100000023841858,0.8500000238418579,0.7699999809265137,0.8199999928474426,13172488
2016-03-23,0.7900000214576721,0.8500000238418579,0.7900000214576721,0.8399999737739563,15890245
2016-03-24,0.7799999713897705,0.8100000023841858,0.7799999713897705,0.800000011920929,1250741
2016-03-28,0.7799999713897705,0.7799999713897705,0.7799999713897705,0.7799999713897705,0
2016-03-29,0.7900000214576721,0.8100000023841858,0.7900000214576721,0.8100000023841858,297337
2016-03-30,0.7799999713897705,0.8199999928474426,0.7799999713897705,0.8100000023841858,2766689
2016-03-31,0.7599999904632568,0.800000011920929,0.7599999904632568,0.7799999713897705,781578
2016-04-01,0.7699999809265137,0.7900000214576721,0.7599999904632568,0.7900000214576721,10142511
2016-04-04,0.7699999809265137,0.7799999713897705,0.7599999904632568,0.7699999809265137,824290
2016-04-05,0.7699999809265137,0.7900000214576721,0.75,0.7900000214576721,2411207
2016-04-06,0.7699999809265137,0.7799999713897705,0.7599999904632568,0.7799999713897705,3737993
2016-04-07,0.7699999809265137,0.7799999713897705,0.75,0.7799999713897705,1061303
2016-04-08,0.7599999904632568,0.7900000214576721,0.7599999904632568,0.7799999713897705,1292138
2016-04-11,0.7799999713897705,0.7900000214576721,0.7599999904632568,0.7799999713897705,29372190
2016-04-12,0.7799999713897705,0.800000011920929,0.7799999713897705,0.7900000214576721,2323037
2016-04-13,0.800000011920929,0.8299999833106995,0.7799999713897705,0.7799999713897705,9186084
2016-04-14,0.8100000023841858,0.8299999833106995,0.800000011920929,0.8299999833106995,1394030
2016-04-15,0.8199999928474426,0.8299999833106995,0.800000011920929,0.8199999928474426,4397575
2016-04-18,0.8100000023841858,0.8299999833106995,0.8100000023841858,0.8100000023841858,1001155
2016-04-19,0.8100000023841858,0.8299999833106995,0.8100000023841858,0.8299999833106995,2773421
2016-04-20,0.8799999952316284,0.8799999952316284,0.8100000023841858,0.8100000023841858,3726097
2016-04-21,0.8899999856948853,0.8899999856948853,0.8500000238418579,0.8799999952316284,6171425
2016-04-22,0.8899999856948853,0.8999999761581421,0.8500000238418579,0.8899999856948853,3194559
2016-04-25,0.8799999952316284,0.8799999952316284,0.8399999737739563,0.8799999952316284,324168
2016-04-26,0.8899999856948853,0.8899999856948853,0.8500000238418579,0.8500000238418579,681275
2016-04-27,0.8899999856948853,0.8899999856948853,0.8899999856948853,0.8899999856948853,0
2016-04-28,0.8700000047683716,0.8899999856948853,0.8299999833106995,0.8799999952316284,949959
2016-04-29,0.8799999952316284,0.8899999856948853,0.8399999737739563,0.8899999856948853,1182964
2016-05-02,0.8799999952316284,0.8799999952316284,0.8799999952316284,0.8799999952316284,0
2016-05-03,0.8600000143051147,0.8899999856948853,0.8399999737739563,0.8899999856948853,1550408
2016-05-04,0.8700000047683716,0.8899999856948853,0.8399999737739563,0.8399999737739563,1109757
2016-05-05,0.8799999952316284,0.8899999856948853,0.8500000238418579,0.8700000047683716,1484794
2016-05-06,0.9100000262260437,0.9100000262260437,0.8799999952316284,0.8799999952316284,5224098
2016-05-09,0.8999999761581421,0.9200000166893005,0.8899999856948853,0.8999999761581421,1557986
2016-05-10,0.8999999761581421,0.9100000262260437,0.8899999856948853,0.8999999761581421,1148636
2016-05-11,0.9599999785423279,0.9599999785423279,0.8999999761581421,0.8999999761581421,2683688
2016-05-12,0.949999988079071,0.949999988079071,0.9399999976158142,0.949999988079071,1601876
2016-05-13,0.9100000262260437,0.9399999976158142,0.9100000262260437,0.9399999976158142,3593091
2016-05-16,0.9399999976158142,0.9599999785423279,0.9100000262260437,0.9100000262260437,759814
2016-05-17,0.8999999761581421,0.9399999976158142,0.8999999761581421,0.9399999976158142,6571201
2016-05-18,0.8999999761581421,0.9200000166893005,0.8999999761581421,0.9100000262260437,490158
2016-05-19,0.9100000262260437,0.9200000166893005,0.8899999856948853,0.8899999856948853,481673
2016-05-20,0.9200000166893005,0.9300000071525574,0.8999999761581421,0.8999999761581421,653269
2016-05-23,0.9200000166893005,0.9300000071525574,0.9100000262260437,0.9200000166893005,898886
2016-05-24,0.949999988079071,0.949999988079071,0.9200000166893005,0.9200000166893005,5599880
2016-05-25,0.9399999976158142,0.9599999785423279,0.9399999976158142,0.949999988079071,3828861
2016-05-26,0.949999988079071,0.9599999785423279,0.9399999976158142,0.9599999785423279,1701198
2016-05-27,0.9599999785423279,0.9599999785423279,0.949999988079071,0.949999988079071,4297515
2016-05-31,0.9399999976158142,0.9700000286102295,0.9399999976158142,0.9599999785423279,413143
2016-06-01,0.9599999785423279,0.9599999785423279,0.9399999976158142,0.9599999785423279,1187094
2016-06-02,0.9800000190734863,0.9800000190734863,0.949999988079071,0.9599999785423279,693471
2016-06-03,1.0,1.0,0.9700000286102295,0.9800000190734863,1801073
2016-06-06,0.9800000190734863,1.0,0.9800000190734863,1.0,1281155
2016-06-07,0.9900000095367432,1.0,0.9800000190734863,0.9800000190734863,1332344
2016-06-08,0.9800000190734863,1.0,0.9800000190734863,0.9800000190734863,631785
2016-06-09,0.9700000286102295,1.0,0.9700000286102295,0.9900000095367432,1359680
2016-06-10,0.9800000190734863,0.9900000095367432,0.9599999785423279,0.9599999785423279,1895807
2016-06-13,0.9599999785423279,0.9800000190734863,0.9599999785423279,0.9700000286102295,211724
2016-06-14,0.9200000166893005,0.9599999785423279,0.8600000143051147,0.9599999785423279,2173682
2016-06-15,0.9200000166893005,0.9200000166893005,0.8600000143051147,0.9200000166893005,1017772
2016-06-16,0.9200000166893005,0.9200000166893005,0.9200000166893005,0.9200000166893005,0
2016-06-17,0.949999988079071,0.949999988079071,0.8999999761581421,0.9300000071525574,4631406
2016-06-20,0.9200000166893005,0.949999988079071,0.9200000166893005,0.949999988079071,2994684
2016-06-21,0.949999988079071,0.949999988079071,0.9200000166893005,0.949999988079071,802805
2016-06-22,1.0099999904632568,1.0700000524520874,0.9800000190734863,0.9800000190734863,6438437
2016-06-23,1.0199999809265137,1.0199999809265137,0.9900000095367432,1.0099999904632568,716149
2016-06-24,0.9900000095367432,0.9900000095367432,0.9700000286102295,0.9900000095367432,451028
2016-06-27,0.9599999785423279,0.9900000095367432,0.949999988079071,0.9800000190734863,263320
2016-06-28,0.9700000286102295,0.9900000095367432,0.949999988079071,0.9599999785423279,386910
2016-06-29,0.949999988079071,0.9800000190734863,0.9399999976158142,0.9800000190734863,1138905
2016-06-30,0.9800000190734863,0.9900000095367432,0.9300000071525574,0.9599999785423279,526940
2016-07-01,1.0,1.0199999809265137,0.9900000095367432,1.0099999904632568,1529821
2016-07-05,0.9900000095367432,1.0199999809265137,0.9900000095367432,1.0,701197
2016-07-06,0.9700000286102295,1.0,0.949999988079071,0.9800000190734863,970291
2016-07-07,0.949999988079071,0.9800000190734863,0.949999988079071,0.9700000286102295,1093333
2016-07-08,0.949999988079071,0.9599999785423279,0.9300000071525574,0.949999988079071,444842
2016-07-11,0.949999988079071,0.9599999785423279,0.949999988079071,0.949999988079071,289610
2016-07-12,0.9200000166893005,0.9599999785423279,0.9100000262260437,0.949999988079071,2487268
2016-07-13,0.949999988079071,0.9599999785423279,0.9300000071525574,0.9399999976158142,206490
2016-07-14,0.9800000190734863,0.9900000095367432,0.9599999785423279,0.9700000286102295,784801
2016-07-15,0.9800000190734863,1.0,0.9599999785423279,1.0,397256
2016-07-18,0.949999988079071,0.9700000286102295,0.9399999976158142,0.949999988079071,194073
2016-07-19,0.8999999761581421,0.949999988079071,0.8299999833106995,0.949999988079071,8674179
2016-07-20,0.8999999761581421,0.9100000262260437,0.8500000238418579,0.8799999952316284,496442
2016-07-21,0.8799999952316284,0.8999999761581421,0.8600000143051147,0.8999999761581421,273757
2016-07-22,0.9100000262260437,0.9200000166893005,0.8799999952316284,0.8999999761581421,2419061
2016-07-25,0.8700000047683716,0.8999999761581421,0.8700000047683716,0.8799999952316284,956032
2016-07-26,0.8600000143051147,0.8999999761581421,0.8600000143051147,0.8600000143051147,1303211
2016-07-27,0.8899999856948853,0.8899999856948853,0.8700000047683716,0.8899999856948853,459751
2016-07-28,0.8799999952316284,0.8999999761581421,0.8700000047683716,0.8799999952316284,2209639
2016-07-29,0.8799999952316284,0.8999999761581421,0.8600000143051147,0.8799999952316284,5743903
2016-08-01,0.8799999952316284,0.8999999761581421,0.8700000047683716,0.8999999761581421,7676998
2016-08-02,0.8999999761581421,0.9100000262260437,0.8799999952316284,0.8899999856948853,13074205
2016-08-03,0.8999999761581421,0.8999999761581421,0.8999999761581421,0.8999999761581421,0
2016-08-04,0.949999988079071,0.949999988079071,0.9100000262260437,0.9100000262260437,783285
2016-08-05,0.9300000071525574,0.9599999785423279,0.9200000166893005,0.9300000071525574,525584
2016-08-08,0.9200000166893005,0.9599999785423279,0.9100000262260437,0.9100000262260437,232011
2016-08-09,0.9200000166893005,0.9200000166893005,0.9200000166893005,0.9200000166893005,0
2016-08-10,0.949999988079071,0.9599999785423279,0.9100000262260437,0.9399999976158142,356743
2016-08-11,0.949999988079071,0.9599999785423279,0.9200000166893005,0.9300000071525574,746130
2016-08-12,0.9700000286102295,0.9700000286102295,0.9399999976158142,0.9599999785423279,2770630
2016-08-15,0.9900000095367432,1.0,0.9599999785423279,0.9900000095367432,1035530
2016-08-16,0.9800000190734863,0.9900000095367432,0.9800000190734863,0.9900000095367432,3241511
2016-08-17,0.9800000190734863,0.9900000095367432,0.9800000190734863,0.9900000095367432,2125777
2016-08-18,1.0,1.0,0.9800000190734863,1.0,783375
2016-08-19,1.0,1.0,0.9900000095367432,1.0,3696589
2016-08-22,0.9900000095367432,1.0,0.9900000095367432,1.0,706201
2016-08-23,0.9900000095367432,1.0,0.9900000095367432,0.9900000095367432,2412961
2016-08-24,0.9700000286102295,1.0,0.9300000071525574,1.0,574419
2016-08-25,0.9700000286102295,0.9800000190734863,0.9399999976158142,0.9599999785423279,562474
2016-08-26,0.949999988079071,0.9800000190734863,0.9100000262260437,0.9800000190734863,313733
2016-08-29,0.949999988079071,0.949999988079071,0.9200000166893005,0.9200000166893005,159349
2016-08-30,0.949999988079071,0.949999988079071,0.9399999976158142,0.9399999976158142,227502
2016-08-31,0.9399999976158142,0.949999988079071,0.9399999976158142,0.9399999976158142,1036808
2016-09-01,0.949999988079071,0.949999988079071,0.9399999976158142,0.9399999976158142,512303
2016-09-02,0.9900000095367432,0.9900000095367432,0.9399999976158142,0.9399999976158142,753164
2016-09-06,0.949999988079071,0.949999988079071,0.8899999856948853,0.8899999856948853,845676
2016-09-07,0.9399999976158142,0.949999988079071,0.9100000262260437,0.9399999976158142,622891
2016-09-08,0.949999988079071,0.9800000190734863,0.9200000166893005,0.9200000166893005,675968
2016-09-09,0.9700000286102295,0.9800000190734863,0.9399999976158142,0.9399999976158142,3091914
2016-09-12,0.9399999976158142,0.949999988079071,0.9100000262260437,0.9300000071525574,519046
2016-09-13,0.9700000286102295,0.9700000286102295,0.949999988079071,0.949999988079071,365450
2016-09-14,0.9800000190734863,1.0,0.949999988079071,1.0,2132895
2016-09-15,0.9800000190734863,1.0099999904632568,0.9599999785423279,0.9599999785423279,2088793
2016-09-16,1.0,1.0099999904632568,0.9700000286102295,0.9800000190734863,9734557
2016-09-19,0.9700000286102295,0.9700000286102295,0.9599999785423279,0.9599999785423279,118788
2016-09-20,0.9700000286102295,1.0,0.9700000286102295,0.9900000095367432,144326
2016-09-21,0.9900000095367432,1.0,0.9599999785423279,0.9700000286102295,373637
2016-09-22,0.9800000190734863,0.9900000095367432,0.9700000286102295,0.9800000190734863,1939577
2016-09-23,0.9800000190734863,0.9800000190734863,0.9700000286102295,0.9800000190734863,83596
2016-09-26,0.9800000190734863,1.0099999904632568,0.9700000286102295,0.9900000095367432,1227653
2016-09-27,0.9700000286102295,0.9900000095367432,0.9700000286102295,0.9700000286102295,2021859
2016-09-28,1.0,1.0099999904632568,0.9700000286102295,1.0,1683080
2016-09-29,1.0099999904632568,1.0199999809265137,0.9800000190734863,1.0,1909414
2016-09-30,0.9900000095367432,1.0,0.9800000190734863,0.9900000095367432,2629793
2016-10-03,0.9900000095367432,1.0099999904632568,0.9900000095367432,1.0,1242870
2016-10-04,1.0099999904632568,1.0199999809265137,1.0,1.0099999904632568,1843250
2016-10-05,1.0299999713897705,1.0299999713897705,1.0,1.0099999904632568,1376478
2016-10-06,1.1200000047683716,1.1200000047683716,1.0399999618530273,1.0399999618530273,5299559
2016-10-07,1.1100000143051147,1.1699999570846558,1.100000023841858,1.1100000143051147,3928765
2016-10-10,1.149999976158142,1.1799999475479126,1.0800000429153442,1.1200000047683716,2823877
2016-10-11,1.1699999570846558,1.1799999475479126,1.1200000047683716,1.1399999856948853,2525313
2016-10-12,1.190000057220459,1.190000057220459,1.149999976158142,1.159999966621399,1676242
2016-10-13,1.1699999570846558,1.190000057220459,1.149999976158142,1.190000057220459,2062537
2016-10-14,1.1699999570846558,1.1799999475479126,1.159999966621399,1.1799999475479126,1751057
2016-10-17,1.1699999570846558,1.1799999475479126,1.149999976158142,1.1799999475479126,275790
2016-10-18,1.1699999570846558,1.1699999570846558,1.149999976158142,1.1699999570846558,1831552
2016-10-19,1.190000057220459,1.190000057220459,1.159999966621399,1.1799999475479126,2931217
2016-10-20,1.2300000190734863,1.25,1.190000057220459,1.190000057220459,3506251
2016-10-21,1.2300000190734863,1.2400000095367432,1.2100000381469727,1.2300000190734863,3974040
2016-10-24,1.2300000190734863,1.25,1.2100000381469727,1.25,749653
2016-10-25,1.2999999523162842,1.2999999523162842,1.2400000095367432,1.2400000095367432,4112758
2016-10-26,1.2999999523162842,1.2999999523162842,1.2599999904632568,1.2999999523162842,3412947
2016-10-27,1.2799999713897705,1.309999942779541,1.2599999904632568,1.309999942779541,5475591
2016-10-28,1.2799999713897705,1.2799999713897705,1.2599999904632568,1.2599999904632568,20751069
2016-10-31,1.2699999809265137,1.2999999523162842,1.25,1.2999999523162842,4314127
2016-11-01,1.2699999809265137,1.2899999618530273,1.25,1.25,5734250
2016-11-02,1.2899999618530273,1.2899999618530273,1.2200000286102295,1.2899999618530273,4713625
2016-11-03,1.2799999713897705,1.2899999618530273,1.2599999904632568,1.2899999618530273,2591402
2016-11-04,1.2999999523162842,1.2999999523162842,1.2799999713897705,1.2799999713897705,3111073
2016-11-07,1.2999999523162842,1.309999942779541,1.2799999713897705,1.2999999523162842,2553179
2016-11-08,1.309999942779541,1.350000023841858,1.2999999523162842,1.2999999523162842,3309435
2016-11-09,1.340000033378601,1.350000023841858,1.309999942779541,1.340000033378601,6105096
2016-11-10,1.399999976158142,1.409999966621399,1.340000033378601,1.340000033378601,5873593
2016-11-11,1.3300000429153442,1.4199999570846558,1.3300000429153442,1.4199999570846558,5554801
2016-11-14,1.399999976158142,1.399999976158142,1.3300000429153442,1.3300000429153442,4147206
2016-11-15,1.350000023841858,1.399999976158142,1.340000033378601,1.399999976158142,10996534
2016-11-16,1.3600000143051147,1.3799999952316284,1.350000023841858,1.3700000047683716,2998236
2016-11-17,1.3799999952316284,1.3799999952316284,1.3300000429153442,1.3300000429153442,2449083
2016-11-18,1.3700000047683716,1.399999976158142,1.350000023841858,1.3799999952316284,2912464
2016-11-21,1.2599999904632568,1.3700000047683716,1.2400000095367432,1.3700000047683716,5635573
2016-11-22,1.3200000524520874,1.3300000429153442,1.2899999618530273,1.3200000524520874,4808036
2016-11-23,1.309999942779541,1.399999976158142,1.2999999523162842,1.350000023841858,4557313
2016-11-25,1.2999999523162842,1.3300000429153442,1.2799999713897705,1.3300000429153442,8143676
2016-11-28,1.2799999713897705,1.3200000524520874,1.2599999904632568,1.2999999523162842,3648821
2016-11-29,1.2999999523162842,1.309999942779541,1.25,1.2799999713897705,1283633
2016-11-30,1.3200000524520874,1.3200000524520874,1.25,1.2999999523162842,2242513
2016-12-01,1.3200000524520874,1.3200000524520874,1.2699999809265137,1.2999999523162842,1357087
2016-12-02,1.2999999523162842,1.2999999523162842,1.2699999809265137,1.2699999809265137,1550954
2016-12-05,1.309999942779541,1.3200000524520874,1.2899999618530273,1.2999999523162842,2748799
2016-12-06,1.3200000524520874,1.3300000429153442,1.2799999713897705,1.2799999713897705,2798811
2016-12-07,1.3600000143051147,1.3700000047683716,1.3200000524520874,1.3200000524520874,4718445
2016-12-08,1.3899999856948853,1.399999976158142,1.3600000143051147,1.3700000047683716,1706282
2016-12-09,1.399999976158142,1.409999966621399,1.3899999856948853,1.3899999856948853,2481434
2016-12-12,1.4199999570846558,1.4299999475479126,1.399999976158142,1.399999976158142,4378241
2016-12-13,1.440000057220459,1.4600000381469727,1.4199999570846558,1.4500000476837158,1157333
2016-12-14,1.4600000381469727,1.4800000190734863,1.409999966621399,1.440000057220459,1161264
2016-12-15,1.600000023841858,1.649999976158142,1.4600000381469727,1.4600000381469727,28330872
2016-12-16,1.600000023841858,1.600000023841858,1.600000023841858,1.600000023841858,0
2016-12-19,1.6100000143051147,1.649999976158142,1.600000023841858,1.649999976158142,3778590
2016-12-20,1.6100000143051147,1.6200000047683716,1.600000023841858,1.600000023841858,2033708
2016-12-21,1.6100000143051147,1.6399999856948853,1.600000023841858,1.6200000047683716,2295208
2016-12-22,1.5800000429153442,1.6299999952316284,1.5099999904632568,1.6299999952316284,2599506
2016-12-23,1.5800000429153442,1.600000023841858,1.5499999523162842,1.5800000429153442,627984
2016-12-27,1.5800000429153442,1.5800000429153442,1.5800000429153442,1.5800000429153442,0
2016-12-28,1.649999976158142,1.649999976158142,1.5700000524520874,1.590000033378601,3518529
2016-12-29,1.6299999952316284,1.649999976158142,1.600000023841858,1.6299999952316284,1723752
2016-12-30,1.649999976158142,1.649999976158142,1.600000023841858,1.6100000143051147,949690
2017-01-03,1.659999966621399,1.6799999475479126,1.6200000047683716,1.6200000047683716,5340125
2017-01-04,1.7200000286102295,1.7200000286102295,1.6799999475479126,1.6799999475479126,8717723
2017-01-05,1.75,1.7599999904632568,1.7000000476837158,1.7300000190734863,4574556
2017-01-06,1.7799999713897705,1.7999999523162842,1.7599999904632568,1.7599999904632568,4839625
2017-01-09,1.7799999713897705,1.7999999523162842,1.75,1.7999999523162842,3886169
2017-01-10,1.7699999809265137,1.7999999523162842,1.7300000190734863,1.7999999523162842,1321992
2017-01-11,1.7699999809265137,1.7799999713897705,1.7400000095367432,1.7799999713897705,994814
2017-01-12,1.7699999809265137,1.7799999713897705,1.7400000095367432,1.75,1873457
2017-01-13,1.7999999523162842,1.7999999523162842,1.7599999904632568,1.7599999904632568,9463881
2017-01-17,1.7999999523162842,1.850000023841858,1.7899999618530273,1.8200000524520874,15056693
2017-01-18,1.850000023841858,1.850000023841858,1.809999942779541,1.809999942779541,9328715
2017-01-19,1.8600000143051147,1.8700000047683716,1.840000033378601,1.8700000047683716,3971288
2017-01-20,1.8600000143051147,1.8700000047683716,1.850000023841858,1.8600000143051147,1861496
2017-01-23,1.8700000047683716,1.8799999952316284,1.850000023841858,1.8600000143051147,5071622
2017-01-24,1.899999976158142,1.9700000286102295,1.8799999952316284,1.8899999856948853,19679641
2017-01-25,1.909999966621399,1.9700000286102295,1.909999966621399,1.9500000476837158,3597598
2017-01-26,1.8799999952316284,2.0,1.8300000429153442,1.940000057220459,7565198
2017-01-27,1.899999976158142,1.940000057220459,1.8799999952316284,1.909999966621399,8250281
2017-01-30,1.9299999475479126,1.9500000476837158,1.8899999856948853,1.899999976158142,815520
2017-01-31,1.940000057220459,1.9500000476837158,1.9199999570846558,1.9299999475479126,2303926
2017-02-01,1.9700000286102295,1.9800000190734863,1.9500000476837158,1.9600000381469727,3308700
2017-02-02,1.9700000286102295,2.0,1.9700000286102295,1.9900000095367432,3489849
2017-02-03,1.9500000476837158,1.9700000286102295,1.9299999475479126,1.9700000286102295,3070973
2017-02-06,1.8300000429153442,1.940000057220459,1.809999942779541,1.940000057220459,5468762
2017-02-07,1.850000023841858,1.8799999952316284,1.809999942779541,1.8799999952316284,4153911
2017-02-08,1.899999976158142,1.899999976158142,1.850000023841858,1.850000023841858,25764899
2017-02-09,1.9199999570846558,1.9600000381469727,1.899999976158142,1.899999976158142,4395508
2017-02-10,1.940000057220459,1.9500000476837158,1.850000023841858,1.850000023841858,3349237
2017-02-13,1.9700000286102295,2.009999990463257,1.9299999475479126,1.9500000476837158,9868034
2017-02-14,1.9500000476837158,2.0,1.940000057220459,1.9800000190734863,4304357
2017-02-15,1.9800000190734863,2.0,1.9800000190734863,1.9800000190734863,11482327
2017-02-16,1.9800000190734863,2.0,1.9800000190734863,1.9900000095367432,5175212
2017-02-17,1.9800000190734863,1.9900000095367432,1.9700000286102295,1.9900000095367432,3377392
2017-02-21,1.9199999570846558,1.9299999475479126,1.899999976158142,1.9299999475479126,6090293
2017-02-22,1.9199999570846558,1.9299999475479126,1.8899999856948853,1.9299999475479126,6004208
2017-02-23,1.909999966621399,1.9199999570846558,1.840000033378601,1.9199999570846558,3034674
2017-02-24,1.8899999856948853,1.9199999570846558,1.8799999952316284,1.9199999570846558,1528273
2017-02-27,1.8799999952316284,1.899999976158142,1.8200000524520874,1.850000023841858,1355664
2017-02-28,1.909999966621399,1.9199999570846558,1.8899999856948853,1.899999976158142,4559828
2017-03-01,1.8899999856948853,1.909999966621399,1.8799999952316284,1.909999966621399,517730
2017-03-02,1.8700000047683716,1.899999976158142,1.8600000143051147,1.899999976158142,718751
2017-03-03,1.8600000143051147,1.8700000047683716,1.850000023841858,1.850000023841858,1882576
2017-03-06,1.8700000047683716,1.8700000047683716,1.840000033378601,1.840000033378601,2275525
2017-03-07,1.8899999856948853,1.940000057220459,1.8300000429153442,1.8899999856948853,12235460
2017-03-08,1.7799999713897705,1.8899999856948853,1.7200000286102295,1.8899999856948853,21576148
2017-03-09,1.7100000381469727,1.7599999904632568,1.6799999475479126,1.7400000095367432,11800432
2017-03-10,1.7200000286102295,1.75,1.7100000381469727,1.7100000381469727,3408648
2017-03-13,1.7000000476837158,1.75,1.6799999475479126,1.7000000476837158,1913806
2017-03-14,1.6799999475479126,1.75,1.649999976158142,1.75,4896014
2017-03-15,1.690000057220459,1.75,1.600000023841858,1.600000023841858,5187305
2017-03-16,1.690000057220459,1.7100000381469727,1.649999976158142,1.7100000381469727,3127723
2017-03-17,1.7699999809265137,1.7699999809265137,1.6699999570846558,1.690000057220459,5889523
2017-03-20,1.7999999523162842,1.809999942779541,1.75,1.75,1457356
2017-03-21,1.7999999523162842,1.7999999523162842,1.7999999523162842,1.7999999523162842,0
2017-03-22,1.7300000190734863,1.7799999713897705,1.7200000286102295,1.7799999713897705,2804785
2017-03-23,1.7000000476837158,1.7300000190734863,1.7000000476837158,1.7300000190734863,1914014
2017-03-24,1.6799999475479126,1.690000057220459,1.659999966621399,1.659999966621399,4335698
2017-03-27,1.7300000190734863,1.7300000190734863,1.600000023841858,1.7000000476837158,2251099
2017-03-28,1.7300000190734863,1.75,1.649999976158142,1.7000000476837158,715901
2017-03-29,1.6699999570846558,1.7300000190734863,1.6699999570846558,1.7100000381469727,1149826
2017-03-30,1.690000057220459,1.690000057220459,1.649999976158142,1.649999976158142,868320
2017-03-31,1.6699999570846558,1.690000057220459,1.6399999856948853,1.659999966621399,1059451
2017-04-03,1.7300000190734863,1.7699999809265137,1.649999976158142,1.649999976158142,3539654
2017-04-04,1.75,1.7799999713897705,1.690000057220459,1.7300000190734863,1886447
2017-04-05,1.7999999523162842,1.7999999523162842,1.7300000190734863,1.7300000190734863,764199
2017-04-06,1.6699999570846558,1.850000023841858,1.5499999523162842,1.809999942779541,7851140
2017-04-07,1.690000057220459,1.690000057220459,1.6100000143051147,1.6699999570846558,745268
2017-04-10,1.7000000476837158,1.7200000286102295,1.6100000143051147,1.6100000143051147,2637873
2017-04-11,1.7000000476837158,1.7799999713897705,1.7000000476837158,1.7699999809265137,1148535
2017-04-12,1.649999976158142,1.7699999809265137,1.649999976158142,1.7100000381469727,1269465
2017-04-13,1.6699999570846558,1.75,1.6299999952316284,1.6399999856948853,1061890
2017-04-17,1.6699999570846558,1.6699999570846558,1.6699999570846558,1.6699999570846558,0
2017-04-18,1.6299999952316284,1.7100000381469727,1.6299999952316284,1.6699999570846558,1933665
2017-04-19,1.6299999952316284,1.649999976158142,1.6299999952316284,1.6299999952316284,794094
2017-04-20,1.6100000143051147,1.6299999952316284,1.600000023841858,1.6100000143051147,530053
2017-04-21,1.649999976158142,1.659999966621399,1.6200000047683716,1.6399999856948853,774960
2017-04-24,1.659999966621399,1.7100000381469727,1.649999976158142,1.649999976158142,1504656
2017-04-25,1.659999966621399,1.690000057220459,1.659999966621399,1.659999966621399,457242
2017-04-26,1.649999976158142,1.6699999570846558,1.6100000143051147,1.6100000143051147,1481180
2017-04-27,1.649999976158142,1.649999976158142,1.649999976158142,1.649999976158142,0
2017-04-28,1.659999966621399,1.6799999475479126,1.649999976158142,1.659999966621399,3097069
2017-05-01,1.659999966621399,1.659999966621399,1.659999966621399,1.659999966621399,0
2017-05-02,1.649999976158142,1.6799999475479126,1.6200000047683716,1.6699999570846558,1065399
2017-05-03,1.6100000143051147,1.659999966621399,1.600000023841858,1.6200000047683716,1609560
2017-05-04,1.600000023841858,1.6200000047683716,1.5099999904632568,1.6100000143051147,3339124
2017-05-05,1.5700000524520874,1.590000033378601,1.5499999523162842,1.559999942779541,1196725
2017-05-08,1.5700000524520874,1.600000023841858,1.559999942779541,1.5700000524520874,910277
2017-05-09,1.5700000524520874,1.600000023841858,1.5499999523162842,1.590000033378601,2743246
2017-05-10,1.5800000429153442,1.6200000047683716,1.5499999523162842,1.559999942779541,6393732
2017-05-11,1.5499999523162842,1.5800000429153442,1.5399999618530273,1.559999942779541,3253214
2017-05-12,1.5499999523162842,1.559999942779541,1.5199999809265137,1.5399999618530273,4619286
2017-05-15,1.4900000095367432,1.5199999809265137,1.4700000286102295,1.5199999809265137,2192103
2017-05-16,1.4299999475479126,1.4800000190734863,1.4299999475479126,1.4700000286102295,5373355
2017-05-17,1.3600000143051147,1.440000057220459,1.350000023841858,1.4299999475479126,2857969
2017-05-18,1.3700000047683716,1.3899999856948853,1.3200000524520874,1.350000023841858,4784332
2017-05-19,1.4199999570846558,1.4199999570846558,1.3700000047683716,1.3700000047683716,10565023
2017-05-22,1.3899999856948853,1.4500000476837158,1.3899999856948853,1.399999976158142,918237
2017-05-23,1.3799999952316284,1.440000057220459,1.350000023841858,1.440000057220459,5445657
2017-05-24,1.3799999952316284,1.399999976158142,1.3300000429153442,1.350000023841858,3278568
2017-05-25,1.3600000143051147,1.399999976158142,1.350000023841858,1.399999976158142,2324619
2017-05-26,1.340000033378601,1.3799999952316284,1.3200000524520874,1.3300000429153442,2200641
2017-05-30,1.350000023841858,1.3600000143051147,1.3300000429153442,1.350000023841858,704152
2017-05-31,1.3799999952316284,1.399999976158142,1.3300000429153442,1.399999976158142,4478025
2017-06-01,1.350000023841858,1.3700000047683716,1.309999942779541,1.3200000524520874,4442005
2017-06-02,1.2899999618530273,1.3600000143051147,1.2599999904632568,1.309999942779541,1478613
2017-06-05,1.25,1.2999999523162842,1.2300000190734863,1.2899999618530273,2499121
2017-06-06,1.25,1.2899999618530273,1.2300000190734863,1.25,2074697
2017-06-07,1.2000000476837158,1.2599999904632568,1.2000000476837158,1.2300000190734863,3394285
2017-06-08,1.2000000476837158,1.2200000286102295,1.1799999475479126,1.2100000381469727,2048057
2017-06-09,1.2000000476837158,1.2300000190734863,1.1799999475479126,1.2000000476837158,1636884
2017-06-12,1.2000000476837158,1.25,1.1799999475479126,1.2200000286102295,759155
2017-06-13,1.2300000190734863,1.3700000047683716,1.2000000476837158,1.2000000476837158,3335487
2017-06-14,1.2200000286102295,1.2799999713897705,1.2100000381469727,1.2799999713897705,784043
2017-06-15,1.190000057220459,1.2300000190734863,1.149999976158142,1.2200000286102295,2890574
2017-06-16,1.190000057220459,1.190000057220459,1.190000057220459,1.190000057220459,0
2017-06-19,1.1200000047683716,1.1699999570846558,1.1200000047683716,1.1699999570846558,1458051
2017-06-20,1.1100000143051147,1.1299999952316284,1.1100000143051147,1.1200000047683716,4253156
2017-06-21,1.1100000143051147,1.1299999952316284,1.100000023841858,1.1200000047683716,8941600
2017-06-22,1.1699999570846558,1.190000057220459,1.100000023841858,1.100000023841858,1207873
2017-06-23,1.159999966621399,1.25,1.1299999952316284,1.149999976158142,4631899
2017-06-26,1.1799999475479126,1.2300000190734863,1.149999976158142,1.149999976158142,16579870
2017-06-27,1.2300000190734863,1.2300000190734863,1.1699999570846558,1.1699999570846558,3019315
2017-06-28,1.25,1.2599999904632568,1.2300000190734863,1.2400000095367432,1574342
2017-06-29,1.2899999618530273,1.309999942779541,1.2400000095367432,1.2400000095367432,4236932
2017-06-30,1.2799999713897705,1.2799999713897705,1.2599999904632568,1.2699999809265137,276730
2017-07-03,1.2000000476837158,1.2899999618530273,1.2000000476837158,1.25,2249075
2017-07-05,1.2200000286102295,1.25,1.2100000381469727,1.2200000286102295,1092923
2017-07-06,1.2100000381469727,1.2400000095367432,1.2100000381469727,1.2200000286102295,691377
2017-07-07,1.2000000476837158,1.2100000381469727,1.1799999475479126,1.2100000381469727,1036895
2017-07-10,1.2100000381469727,1.2100000381469727,1.1799999475479126,1.1799999475479126,892880
2017-07-11,1.309999942779541,1.309999942779541,1.190000057220459,1.190000057220459,6344166
2017-07-12,1.340000033378601,1.3799999952316284,1.2899999618530273,1.3300000429153442,1104322
2017-07-13,1.3700000047683716,1.3700000047683716,1.2899999618530273,1.2899999618530273,922488
2017-07-14,1.3799999952316284,1.4500000476837158,1.3600000143051147,1.3899999856948853,7108831
2017-07-17,1.3899999856948853,1.399999976158142,1.3799999952316284,1.399999976158142,1270822
2017-07-18,1.3700000047683716,1.399999976158142,1.350000023841858,1.350000023841858,594022
2017-07-19,1.340000033378601,1.3700000047683716,1.3300000429153442,1.3600000143051147,1865556
2017-07-20,1.309999942779541,1.340000033378601,1.309999942779541,1.309999942779541,341717
2017-07-21,1.3200000524520874,1.3300000429153442,1.309999942779541,1.309999942779541,330836
2017-07-24,1.2999999523162842,1.2999999523162842,1.2699999809265137,1.2899999618530273,359003
2017-07-25,1.2799999713897705,1.3700000047683716,1.2699999809265137,1.2999999523162842,681953
2017-07-26,1.399999976158142,1.409999966621399,1.2799999713897705,1.2899999618530273,4016425
2017-07-27,1.3600000143051147,1.409999966621399,1.350000023841858,1.3899999856948853,944642
2017-07-28,1.3799999952316284,1.3799999952316284,1.3700000047683716,1.3700000047683716,139783
2017-07-31,1.3600000143051147,1.399999976158142,1.350000023841858,1.3799999952316284,1456693
2017-08-01,1.409999966621399,1.4500000476837158,1.350000023841858,1.3600000143051147,860336
2017-08-02,1.4299999475479126,1.4500000476837158,1.4199999570846558,1.440000057220459,888499
2017-08-03,1.399999976158142,1.4299999475479126,1.399999976158142,1.4199999570846558,1340425
2017-08-04,1.4600000381469727,1.4700000286102295,1.409999966621399,1.409999966621399,752806
2017-08-07,1.399999976158142,1.5399999618530273,1.3899999856948853,1.5,3182600
2017-08-08,1.3799999952316284,1.4700000286102295,1.350000023841858,1.440000057220459,1185865
2017-08-09,1.3799999952316284,1.3799999952316284,1.3799999952316284,1.3799999952316284,0
2017-08-10,1.4199999570846558,1.4199999570846558,1.3600000143051147,1.3600000143051147,859043
2017-08-11,1.340000033378601,1.440000057220459,1.3200000524520874,1.4199999570846558,1864261
2017-08-14,1.3300000429153442,1.3700000047683716,1.2999999523162842,1.340000033378601,843105
2017-08-15,1.2999999523162842,1.3700000047683716,1.25,1.3700000047683716,4612940
2017-08-16,1.2799999713897705,1.309999942779541,1.2599999904632568,1.2599999904632568,691541
2017-08-17,1.2799999713897705,1.340000033378601,1.2599999904632568,1.2699999809265137,2693448
2017-08-18,1.2999999523162842,1.3200000524520874,1.2799999713897705,1.2899999618530273,3049729
2017-08-21,1.3300000429153442,1.340000033378601,1.2799999713897705,1.2799999713897705,2495072
2017-08-22,1.3799999952316284,1.399999976158142,1.3300000429153442,1.350000023841858,1432339
2017-08-23,1.350000023841858,1.409999966621399,1.350000023841858,1.3700000047683716,1256914
2017-08-24,1.3600000143051147,1.3899999856948853,1.350000023841858,1.350000023841858,322958
2017-08-25,1.4199999570846558,1.4500000476837158,1.350000023841858,1.350000023841858,2368686
2017-08-28,1.3700000047683716,1.4600000381469727,1.3600000143051147,1.4199999570846558,663750
2017-08-29,1.3700000047683716,1.3700000047683716,1.3200000524520874,1.3600000143051147,514056
2017-08-30,1.3700000047683716,1.4299999475479126,1.350000023841858,1.350000023841858,351139
2017-08-31,1.3799999952316284,1.440000057220459,1.3700000047683716,1.3700000047683716,1033690
2017-09-01,1.3799999952316284,1.4199999570846558,1.3600000143051147,1.3600000143051147,747427
2017-09-05,1.3799999952316284,1.4199999570846558,1.3700000047683716,1.3700000047683716,1363133
2017-09-06,1.409999966621399,1.409999966621399,1.3600000143051147,1.3600000143051147,288766
2017-09-07,1.409999966621399,1.4199999570846558,1.399999976158142,1.399999976158142,863788
2017-09-08,1.4500000476837158,1.4900000095367432,1.409999966621399,1.409999966621399,1127980
2017-09-11,1.4700000286102295,1.5,1.4700000286102295,1.4900000095367432,1459706
2017-09-12,1.5,1.5099999904632568,1.4800000190734863,1.4800000190734863,681474
2017-09-13,1.5199999809265137,1.5199999809265137,1.4800000190734863,1.5099999904632568,2451202
2017-09-14,1.5,1.5199999809265137,1.4700000286102295,1.5199999809265137,1471622
2017-09-15,1.5099999904632568,1.5099999904632568,1.4900000095367432,1.5099999904632568,1861059
2017-09-18,1.5099999904632568,1.5199999809265137,1.4900000095367432,1.5,1151576
2017-09-19,1.5099999904632568,1.5299999713897705,1.5,1.5,1643823
2017-09-20,1.4800000190734863,1.5,1.4600000381469727,1.4900000095367432,1639562
2017-09-21,1.4600000381469727,1.4900000095367432,1.4600000381469727,1.4800000190734863,945245
2017-09-22,1.5199999809265137,1.5299999713897705,1.440000057220459,1.4600000381469727,872531
2017-09-25,1.5199999809265137,1.5199999809265137,1.5199999809265137,1.5199999809265137,0
2020-01-24,69.0,71.0,64.0,70.0,3565055
